unique_product,product_id
"yam (cocoyam,water yam) - small sack",1
"male fowl, cock (1yr to 3yrs) - piece (s)",2
"female fowl, hen (1yr to 3yrs ) - piece (s)",3
dog (1yr to 3yrs male) - piece (s),4
dog (below 1yr female) - piece (s),5
second hand clothes - piece (s),6
"yam (cocoyam,water yam) - pan",7
cutlass - piece (s),8
"yam (cocoyam,water yam) - half sack",9
"yam (cocoyam,water yam) - tuber",10
cassava - pan,11
beans - pan,12
knapsack sprayer - piece (s),13
soap - box,14
onion - polythene bag,15
salt - polythene bag,16
ginger - polythene bag,17
cigarettes - box,18
cassava - small sack,19
firewood - pan,20
"garden eggs (solanu, ntroba) - half fertilizer bag",21
okro - pan,22
beans - fertilizer bag,23
rice - bag 5kg,24
cooking (vegetable) oil - bottle (5L),25
empty gallon 25L - piece (s),26
okro - small sack,27
firewood - bundle,28
cassava - half fertilizer bag,29
plantain - bunch,30
petrol - bottle (1L),31
maize (corn) flour - half fertilizer bag,32
azumah blow soap - piece (s),33
rice - polythene bag,34
flour (bread flour) - polythene bag,35
sandals - sack,36
second hand clothes - sack,37
mat - piece (s),38
power bank - piece (s),39
second hand clothes - small sack,40
motor tyre - piece (s),41
kola nut/cola nut - polythene bag,42
sheep (1yr to 3yrs male) - piece (s),43
saucepans (aluminium) - set,44
charcoal - half sack,45
"yam (cocoyam,water yam) - sack",46
mattress (12 inches s/s) - piece (s),47
standing fan - piece (s),48
cooking (vegetable) oil - bottle (1.5L),49
maize (corn) - small sack,50
petrol - gallon (25L),51
weedicide - box,52
local broom - piece (s),53
maize (corn) flour - small sack,54
weedicide - bottle (1L),55
solar panel - piece (s),56
rice - bag 25kg,57
rice - bag 50kg,58
cooking (vegetable) oil - gallon (5L),59
petrol - gallon (5L),60
maize (corn) - small  sack,61
fresh pepper - fertilizer bag,62
beans - polythene bag,63
cooking pot (medium) - piece (s),64
okro - polythene bag,65
"local herbs (mahogany bark ,mahogany herbs) - fertilizer bag",66
flat screen television (32 inches) - piece (s),67
fresh tomatoes - rubber bowl,68
tomato paste - tin (2200g),69
cooking (vegetable) oil - bottle (850ml),70
agushie (melon seeds) - half sack,71
soft drink (330ml) - bottle (330ml),72
energy drink (330ml) - pack (12),73
"bottled water (500ml, 0.5L) - pack (12)",74
rice - bag 22.5kg,75
beans - half fertilizer bag,76
gari - polythene bag,77
soap - piece (s),78
goat (below 1yr male) - piece (s),79
cassava - tuber,80
sandals - pair,81
sugar - bag 50kg,82
metal scraps - small sack,83
pick axe - piece (s),84
mosquito net - piece (s),85
alcoholic drink (750ml) - bottle (750ml),86
alcoholic drink (50ml) - box,87
energy drink (350ml) - pack (12),88
"local herbs (mahogany bark ,mahogany herbs) - polythene bag",89
sorghum - half sack,90
dried groundnut (dry groundnut) - polythene bag,91
"garden eggs (solanu, ntroba) - small sack",92
fresh pepper - small sack,93
maize (corn) - rubber bowl,94
second hand clothes - half sack,95
pegs - pack,96
perfume spray - piece (s),97
meat - half sack,98
soft drink (350ml) - bottle (350ml),99
okro - half sack,100
pig (1yr to 3yrs female) - piece (s),101
gari - sack,102
cooking (vegetable) oil - gallon (25L),103
banana - bunch,104
onion - sack,105
fertilizer (fertiliser) - small sack,106
konkonte (cassava flour) - small  sack,107
gari - small sack,108
margarine - box,109
fresh pepper - sack,110
cassava - sack,111
plantain - sack,112
cassava - half sack,113
"vegetable leaves (spinach, kontomire, cocoyam leaves, sweet potato leaves, amaranth leaves, alefu, fontete, amaratus) - fertilizer bag",114
cabbage - sack,115
cabbage - half sack,116
"vegetable leaves (spinach, kontomire, cocoyam leaves, sweet potato leaves, amaranth leaves, alefu, fontete, amaratus) - half sack",117
"vegetable leaves (spinach, kontomire, cocoyam leaves, sweet potato leaves, amaranth leaves, alefu, fontete, amaratus) - sack",118
"female fowl, hen (below 1yr) - piece (s)",119
"male fowl, cock (below 1yr) - piece (s)",120
fungicide - bag 12.5kg,121
rubber bucket (10L) (plastic bucket) - piece (s),122
saucepans (stainless steel) - set,123
rubber wares (plastic wares) - basket,124
fresh tomatoes - wooden box,125
palm (red) oil - gallon (5L),126
fresh tomatoes - box,127
baby's cot - piece (s),128
material cloth (fabric) - sack,129
plastic (rubber) basket - piece (s),130
"vegetable leaves (spinach, kontomire, cocoyam leaves, sweet potato leaves, amaranth leaves, alefu, fontete, amaratus) - bundle",131
canned soft drink (330ml) - carton (24),132
toilet roll - pack,133
tomato paste - box,134
soft drink (330ml) - pack (20),135
eggs - crate,136
animal feed (maize chaff) - half sack,137
goat (1yr to 3yrs male) - piece (s),138
petrol - gallon (10L),139
"bottled water (500ml, 0.5L) - pack (30)",140
sugar - fertilizer bag,141
maize (corn) - sack,142
maize (corn) - half sack,143
gari (kivo gari) - box,144
biscuits - box,145
cabbage - polythene bag,146
"dried (dry) fish (gblolovi, amani) - sack",147
cow skin (wele) - small sack,148
metal bar - piece (s),149
alcoholic drink (250ml) - box (24),150
metal door (medium) - piece (s),151
sugar - half sack,152
frozen chicken - carton,153
groundnut paste - bucket (20L),154
"garden eggs (solanu, ntroba) - polythene bag",155
pampers - pack,156
kokonte (cassava chips) - sack,157
bottled water (1.5L) - pack (6),158
"bottled water (500ml, 0.5L) - pack (16)",159
energy drink (300ml) - pack (12),160
soft drink (300ml) - pack (16),161
sugar - sack,162
fresh pepper - half sack,163
animal feed (maize chaff) - small sack,164
milo - box,165
electrical bulb (led bulb) - piece (s),166
blender - piece (s),167
orange - small sack,168
alcoholic drink (625ml) - crate (12),169
alcoholic drink (330ml) - crate (24),170
material cloth (fabric) - pan,171
washing powder detergent - sachet (10kg),172
fruit juice - carton (24),173
fresh tomatoes - pan,174
cooking (vegetable) oil - bottle (4L),175
cement - bag 50kg,176
motor bike spare parts - box,177
lpg gas - cylinder (3kg),178
cooking (vegetable) oil - box,179
fresh tomatoes - half box,180
bottled water (750ml) - pack (30),181
sachet water (pure water) - bag,182
"drugs (medicine, syrup) - box",183
animal feed (maize chaff) - sack,184
soap - small sack,185
"eskimo chest (ice chest, food flask) - piece (s)",186
electrical bulb (led bulb) - box,187
fertilizer (fertiliser) - bag 25kg,188
rice - half 50kg bag,189
lpg gas - cylinder (5kg),190
1/2 plywood - piece (s),191
charcoal - sack,192
cooking (vegetable) oil - gallon (10L),193
corn dough - rubber bowl,194
cassava dough - bucket (10L),195
lpg gas - cylinder (11kg),196
motor bike spare parts - piece (s),197
iron rods (8mm) - piece (s),198
bread - loaf,199
cooking (vegetable) oil - bottle (3L),200
new gas cylinder (14kg) - piece (s),201
sugar - small sack,202
second hand shoes - sack,203
cabbage - small sack,204
new gas cylinder (6kg) - piece (s),205
lpg gas - cylinder (12kg),206
engine oil (car oil) - box (3),207
rubber container - piece (s),208
kokonte (cassava chips) - small sack,209
roofing sheet (aluminium) - piece (s),210
floor tile (40x40) - box,211
"bottled water (500ml, 0.5L) - pack (36)",212
plantain - half sack,213
bread - rubber bag,214
takeaway pack (food pack) - pack,215
cassava dough - small sack,216
1/2 pvc pipe - piece (s),217
bluetooth speakers (portable bluetooth music box) - piece (s),218
cabbage - pan,219
fertilizer (fertiliser) - box,220
fresh pepper - basket,221
cocoa beans - half sack,222
cocoa beans - small sack,223
orange - sack,224
rubber bowl (plastic bowl) - piece (s),225
rubber bucket (15L)  (plastic bucket) - piece (s),226
cooking utensils (stainless steel) - set,227
plastic  dusbin container - piece (s),228
soap - sack,229
orange - half sack,230
body lotion (body cream) - piece (s),231
hair conditioner (shampoo) - gallon (10L),232
washing powder detergent - sachet (4kg),233
sardine - box,234
"garden eggs (solanu, ntroba) - half sack",235
spaghetti - box (20),236
pure water (sachet water) packaging bag - sack,237
fresh pepper - polythene bag,238
alata soap - pack (6),239
cocoa - fertilizer bag,240
cooking (vegetable) oil - gallon 25L,241
"bottled water (500ml, 0.5L) - pack (24)",242
plastic standing broom (sweeping brush) - piece (s),243
sheep (below 1yr male) - piece (s),244
fertilizer (fertiliser) - bag 50kg,245
fresh fish - pan,246
biscuits - pack,247
toffees - pack,248
carrots - half sack,249
cucumber - half sack,250
"garden eggs (solanu, ntroba) - sack",251
fruit juice - box,252
corn dough - half sack,253
sandals - half sack,254
onion - half sack,255
rice - box,256
bottled water (750ml) - pack (16),257
fertilizer (fertiliser) - bottle (1L),258
smoked herring (smoked fish) - sack,259
school bag - piece (s),260
ginger - sack,261
"cube (maggie cube, onga) - box",262
salt - sack,263
poultry feed - bag 25kg,264
cocoa beans - sack,265
shea butter (nkuto) - bucket (10L),266
"vegetable leaves (spinach, kontomire, cocoyam leaves, sweet potato leaves, amaranth leaves, alefu, fontete, amaratus) - pan",267
palm nut fruits - small sack,268
salt - small sack,269
indomie (instant noodles) - pack,270
lettuce - polythene bag,271
bedset - set,272
nail - box,273
akpeteshie - gallon (25L),274
poultry feed - sack,275
milo - sachet,276
toothpaste - piece (s),277
powdered milk - sachet (250g),278
iron rods (16mm) - piece (s),279
acheke - small sack,280
canned soft drink (330ml) - pack (12),281
soft drink (250ml) - pack (20),282
sandals - small sack,283
clay pot (medium) - piece (s),284
flour (bread) - bag 25kg,285
cow (below 1yr male) - piece (s),286
engine oil (car oil) - gallon (5L),287
"garden eggs (solanu, ntroba) - bucket (10L)",288
smoked herring (smoked fish) - small sack,289
matches - box,290
bread - sack,291
iron rods (14mm) - piece (s),292
roofing sheet (aluminium) - pack (20),293
fertilizer (fertiliser) - sack,294
"wig (hairpiece, hair wool) - polythene bag",295
fresh fish - fertilizer bag,296
milk - box,297
material cloth (fabric) - yard,298
banana - sack,299
mobile phone case - piece (s),300
plastic chair - piece (s),301
bedsheet - piece (s),302
maize (corn) - fertilizer bag,303
car tyres - piece (s),304
underwear - piece (s),305
palm nut fruits - sack,306
toothbrush - pack (3),307
cocoa - sack,308
herbal medicine (local medicine) - fertilizer bag,309
toothbrush - pack (5),310
indomie (instant noodles) - box,311
gari - box,312
rice (local rice) - sack,313
powdered milk - box,314
empty fertilizer bag - bundle,315
mattress (12 inches q/s) - piece (s),316
empty plastic bottles - sack,317
"dried (dry) fish (gblolovi, amani) - half sack",318
onion - small sack,319
azumah blow soap - small sack,320
local standing broom - piece (s),321
sandals - pan,322
washing powder detergent - sachet (240g),323
diaper - pack,324
bicycle (small) - piece (s),325
gari - rubber bag,326
empty plastic bottles - pack,327
plantain - basket,328
lpg gas - cylinder (10kg),329
frozen fish - carton,330
smoked herring (smoked fish) - rubber bag,331
mop stick - piece (s),332
cassava dough - rubber bag,333
rice - box (5 x 4.5Kg),334
potatoes (sweet potatoes) - small sack,335
washing powder detergent - bucket (10L),336
bread - small sack,337
acheke - rubber bag,338
pear - piece (s),339
soft drink (350ml) - pack (16),340
soft drink (U fresh) - box,341
"energy drink (500ml, 0.5L) - pack (12)",342
potatoes (sweet potatoes) - sack,343
alcoholic drink (375ml) - bottle (375ml),344
azumah blow soap - sack,345
slippers - pair,346
flour (bread flour) - sack,347
maize (corn) husk - sack,348
shovel - piece (s),349
rice - rubber bag,350
metal scraps - sack,351
okro - basket,352
liquid soap - gallon (5L),353
empty gallon 30L - piece (s),354
"dried (dry) fish (gblolovi, amani) - small sack",355
fresh tomatoes - basket,356
"soft drink (500ml, 0.5L) - pack (16)",357
"mattress (8 inches l/s, double bed) - piece (s)",358
pillow - piece (s),359
dried groundnut (dry groundnut) - sack,360
soft drink (300ml) - pack (12),361
alcoholic drink (330ml) - bottle (330ml),362
cassava - fertilizer bag,363
second hand clothes - polythene bag,364
rodent poison (rodenticide) - piece (s),365
radio set - piece (s),366
alata soap - rubber bowl,367
plastic pipe - piece (s),368
engine oil (car oil) - bottle (1L),369
motor engine - box,370
soft drink (350ml) - pack (12),371
wood (2x6) - piece (s),372
tapoli - piece (s),373
wood (2x2) - piece (s),374
galvanized metal bar - piece (s),375
rubber container (plastic container) - piece (s),376
motor bike seat - piece (s),377
home theatre system - box,378
dried groundnut (dry groundnut) - half sack,379
hair dye - pack (12),380
bread - wooden sieve,381
rice (local rice) - half sack,382
maize (corn) flour - half sack,383
cooking (vegetable) oil - box (4 x 5L),384
paint - paint rubber (small),385
paint - bucket (20L),386
roofing sheet (coloured) - piece (s),387
mirror (medium) - piece (s),388
powdered milk - tin,389
alcoholic drink (50ml) - sachet,390
pesticide - box,391
frozen fish - polythene bag,392
soft drink (1.25L) - pack (6),393
"soft drink (500ml, 0.5L) - pack (12)",394
acheke - polythene bag,395
electrical cable - roll,396
saucepans (aluminium) - polythene bag,397
empty jute sack (ginger sacks) - sack,398
home theatre system - piece (s),399
slippers - pan,400
soft drink (350ml) - pack (20),401
washing powder detergent - sachet (500g),402
slippers - polythene bag,403
empty gallon 5L - piece (s),404
fresh tomatoes - rubber bag,405
onion - fertilizer bag,406
takeaway rubber bag (polynthene bag) - sack,407
maize (corn) - rubber bag,408
alata soap - polythene bag,409
barrels (plastic container) 50L - piece (s),410
beans - half sack,411
1/8 plywood - piece (s),412
wood (2x4) - piece (s),413
quran - piece (s),414
mini wire mesh coalpot (ataya) - piece (s),415
pepper (kivo pepper) - box,416
soft drink (350ml) - box,417
charcoal - small sack,418
milk (tin) - tin,419
fertilizer (fertiliser) - piece (s),420
"garden eggs (solanu, ntroba) - rubber bag",421
engine oil (car oil) - box (12),422
kenkey - ball,423
woven hat - piece (s),424
kokonte (cassava chips) - pan,425
maize (corn) - pan,426
traveling bag medium (ecolac medium) - piece (s),427
tomato sauce (mackerel) tin (425g) - box (24),428
cassava peels - sack,429
duck (1yr to 3yrs female) - piece (s),430
sardine - tin,431
guinea fowl (1yr to 3yrs male) - piece (s),432
maize (corn) flour - polythene bag,433
pig feed - polythene bag,434
car sealant - bottle (1L),435
orange - polythene bag,436
tissues - roll,437
floor tile (30x30) - box,438
tissues - pack,439
sieve - piece (s),440
knapsack sprayer - box,441
socks - polythene bag,442
mirror (small) - piece (s),443
power zone (detergent) - bottle (500ml),444
insecticide - box (12),445
"drugs (medicine, syrup) - bottle (200ml)",446
"salted fish (salted tilapia, koobi) - tray",447
laddle - piece (s),448
"dried (dry) fish (gblolovi, amani) - polythene bag",449
cabbage - fertilizer bag,450
hand bag (lady's hand bag) - piece (s),451
takeaway rubber bag (polynthene bag) - pack,452
plastic container - piece (s),453
slippers - sack,454
washing powder detergent - sachet (5kg),455
"wig (hairpiece, hair wool) - piece (s)",456
dried (dry) pepper - sack,457
plaster of paris cement - bag 40kg,458
onion - rubber bowl,459
rubber bowl (plastic bowl) - set,460
"black rubber (tarpaulin,tapolin) - roll",461
goat (above 3yrs male) - piece (s),462
metal window - piece (s),463
ceramic plates - piece (s),464
lpg gas - cylinder (15kg),465
soft drink (300ml) - bottle (300ml),466
poultry feed - small sack,467
alata soap - piece (s),468
bleach - bottle (1L),469
wood (2x3) - piece (s),470
soft drink (250ml) - box,471
milk (tin) - box,472
plantain - small sack,473
peanut snack - pack,474
tyres (motor King tyres) - piece (s),475
empty gallon 20L - piece (s),476
acheke - half sack,477
new gas cylinder (15kg) - piece (s),478
fresh maize (fresh corn) - half sack,479
pepper (kivo pepper) - sachet (6g),480
groundnut paste - bucket (10L),481
energy drink (350ml) - pack (16),482
take away rubber bag (polythene bag) - polythene bag,483
ginger - half sack,484
spices - sack,485
cabbage - piece (s),486
fresh pepper - pan,487
soft drink (330ml) - crate (24),488
earthenware (medium) - piece (s),489
fresh maize (fresh corn) - sack,490
pig feed - sack,491
alcoholic drink (200ml) - box (24),492
mortar - piece (s),493
flat screen television (43 inches) - piece (s),494
tomato paste - tin (400g),495
cooking (vegetable) oil - gallon (20L),496
soft drink (1.25L) - bottle (1.5L),497
fresh groundnut - half sack,498
kokonte (cassava chips) - half sack,499
smoked herring (smoked fish) - half sack,500
fresh maize (fresh corn) - small sack,501
herbal medicine (local medicine) - bottle (500ml),502
poultry feed - half sack,503
carpet - yard,504
"soft drink (500ml, 0.5L) - bottle (500ml)",505
acheke - rubber bowl,506
corn dough - small sack,507
palm nut fruits - polythene bag,508
standing fan - box,509
salt - half bag,510
"vegetable leaves (spinach, kontomire, cocoyam leaves, sweet potato leaves, amaranth leaves, alefu, fontete, amaratus) - polythene bag",511
second hand clothes - rubber bowl,512
iron rods (10mm) - piece (s),513
3/4 plywood - piece (s),514
plantain - polythene bag,515
window glass - box,516
cassava - piece (s),517
alcoholic drink (250ml) - bottle (250ml),518
cow skin (wele) - sack,519
shower gel (1000ml) - bottle (1000ml),520
fante kenkey - pan,521
ginger - small sack,522
"portable wireless speaker, bluetooth speakers (portable bluetooth music box) - box",523
bottled water (750ml) - bottle (750ml),524
wood (1x12) - piece (s),525
pvc pipe - piece (s),526
carpet - roll,527
gari - half sack,528
dried (dry) pepper - fertilizer bag,529
milo - sachet (800g),530
dried groundnut (dry groundnut) - rubber bag,531
cassava peels - small sack,532
orange - fertilizer bag,533
acheke - pan,534
toothpaste - rubber bowl,535
toothbrush - rubber bowl,536
palm nut fruits - half sack,537
akpeteshie - gallon (20L),538
matches - pack,539
fresh groundnut - small sack,540
sugar - rubber bag,541
beans - small sack,542
bicycle parts - piece (s),543
diesel - gallon (20L),544
cocoa beans - fertilizer bag,545
fried fish - polythene bag,546
"female fowl, hen (above 3yrs) - piece (s)",547
bread - tray,548
cocoa - half sack,549
motor bike spare parts (piston rings) - piece (s),550
chewing gum - box,551
konkonte (cassava flour) - half sack,552
salt - rubber bowl,553
motorcycle battery - box,554
cassava dough - half sack,555
cow (above 3yrs female) - piece (s),556
take away rubber bag (polythene bag) - tray,557
maize (corn) - half fertilizer bag,558
cow (above 3yrs male) - piece (s),559
salt - rubber bag,560
cassava dough - sack,561
alcoholic drink (750ml) - box (12),562
cocoa drying mat (apah) - piece (s),563
material cloth (fabric) - 6 yards,564
material cloth (fabric) - small sack,565
washing powder detergent - sachet (125g),566
maize (corn) flour - sack,567
"local herbs (mahogany bark ,mahogany herbs) - bundle",568
soft drink (250ml) - bottle (250ml),569
mobile phone  battery - box,570
mobile phone charger - piece (s),571
acheke - sack,572
slippers - basket,573
mattress (10 inches k/s) - piece (s),574
mattress (10 inches m/s) - piece (s),575
metal scraps - half sack,576
palm (red) oil - gallon (25L),577
bottled water (750ml) - pack (15),578
tomato paste - bucket (20L),579
"edible leaves (baobab leaves, kuuka, kipok, moringa leaves, waakye leaves, ademe, hibiscus leaves, sobolo leaves, bito) - sack",580
tshirts (t shirt) - piece (s),581
corn dough - rubber bag,582
straw mats - piece (s),583
corn dough - pan,584
empty schnapp bottles - pan,585
headset - piece (s),586
plantain - tray,587
roofing sheet (coloured) - pack (20),588
"dried (dry) fish (gblolovi, amani) - heaped basket",589
cooking utensils (aluminium) - set,590
cashew - fertilizer bag,591
alcoholic drink (350ml) - pack (12),592
energy drink (350ml) - bottle (350ml),593
cat (1yr to 3yrs female) - piece (s),594
palm seedlings - fertilizer bag,595
energy drink (330ml) - bottle (330ml),596
konkonte (cassava flour) - sack,597
mattress (12 inches k/s) - piece (s),598
fresh fish - rubber bowl,599
plastic table - piece (s),600
corn dough - sack,601
motor bike tube - piece (s),602
dried coconut (dry) - sack,603
mattress (10 inches q/s) - piece (s),604
alcoholic drink (350ml) - bottle (350ml),605
mattress (10 inches s/s) - piece (s),606
"energy drink (500ml, 0.5L) - bottle (500ml)",607
empty plastic containers - rubber bag,608
groundnut paste - paint rubber (small),609
plantain - fertilizer bag,610
powdered milk - bag 25kg,611
cooking (vegetable) oil - bottle (350ml),612
fowl cage - piece (s),613
sheep (above 3yrs male) - piece (s),614
guinea fowl (above 3yrs female) - piece (s),615
bread - basket,616
pesticide - bottle (1L),617
bicycle (big) - piece (s),618
insecticide - bottle (1L),619
meat - small sack,620
local drink - bottle (350ml),621
"rice (husked, not milled) - sack",622
jute bags medium (Ghana must go) - piece (s),623
diesel - gallon (25L),624
lemon grass - bundle,625
okro - sack,626
jute bags small (Ghana must go) - piece (s),627
sheep (1yr to 3yrs female) - piece (s),628
traveling bag large (ecolac large) - piece (s),629
sharpening stone - piece (s),630
fresh coconut - sack,631
torch light - piece (s),632
poultry feed - fertilizer bag,633
student mattress (3 inches) - piece (s),634
frozen chicken - polythene bag,635
traveling bag small (ecolac small) - piece (s),636
"rice (husked, not milled) - half sack",637
empty jute sack (ginger sacks) - half sack,638
paint - bucket (15L),639
"vegetable leaves (spinach, kontomire, cocoyam leaves, sweet potato leaves, amaranth leaves, alefu, fontete, amaratus) - small sack",640
empty jute sack (ginger sacks) - small sack,641
okro - half pan,642
"male fowl, cock (above 3yrs) - piece (s)",643
banana - tray,644
bluetooth speakers (portable bluetooth music box) - box,645
nutmeg - sachet,646
alcoholic drink (375ml) - crate (24),647
petrol - gallon (20L),648
lipton (teabag) - box,649
pvc soft hose - roll,650
gas burner valve - piece (s),651
milo - tin (400g),652
soap - rubber bowl,653
goat (above 3yrs female) - piece (s),654
"garden eggs (solanu, ntroba) - fertilizer bag",655
soft drink (350ml) - pack (24),656
coffee - fertilizer bag,657
spaghetti - pack,658
lemon grass - sack,659
milk (tin) - pack (24),660
binding wire - roll,661
goat (1yr to 3yrs female) - piece (s),662
pepper seeds - small sack,663
wooden table - piece (s),664
tomato paste - sachet (small),665
wooden bench - piece (s),666
shoe - pair,667
portable waredrobe - piece (s),668
alcoholic drink (200ml) - bottle (200ml),669
fresh groundnut - sack,670
coffee seed - sack,671
ginger - fertilizer bag,672
"vegetable leaves (spinach, kontomire, cocoyam leaves, sweet potato leaves, amaranth leaves, alefu, fontete, amaratus) - rubber bowl",673
spices - box,674
pawpaw - fertilizer bag,675
salt - bag 25kg,676
firewood - wheel barrow,677
gari - fertilizer bag,678
orange - pan,679
beans - sack,680
rice (local rice) - half fertilizer bag,681
sheep (below 1yr female) - piece (s),682
cassava dough - pan,683
cooking pot (large) - piece (s),684
wooden spatula (bankuta) - piece (s),685
metal door (small) - piece (s),686
palm nut fruits - basket,687
second hand clothes - pan,688
sewing (tailoring) thread - piece (s),689
empty plastic bottles - rubber bag,690
"edible leaves (baobab leaves, kuuka, kipok, moringa leaves, waakye leaves, ademe, hibiscus leaves, sobolo leaves, bito) - polythene bag",691
apple - box,692
cassava dough - fertilizer bag,693
frozen cow meat - carton,694
"garden eggs (solanu, ntroba) - rubber bowl",695
banana - basket,696
fresh groundnut - fertilizer bag,697
cassava - rubber bowl,698
radio set - box,699
material cloth (fabric) - half sack,700
iron rods (12mm) - piece (s),701
corn dough - half fertilizer bag,702
"edible leaves (baobab leaves, kuuka, kipok, moringa leaves, waakye leaves, ademe, hibiscus leaves, sobolo leaves, bito) - bundle",703
window frame - box,704
pestle - piece (s),705
slippers - box,706
dried coconut (dry) - piece (s),707
carrots - half fertilizer bag,708
rice - bag 10kg,709
beans - rubber bowl,710
okro - bucket (15L),711
fresh maize (fresh corn) - pan,712
"edible leaves (baobab leaves, kuuka, kipok, moringa leaves, waakye leaves, ademe, hibiscus leaves, sobolo leaves, bito) - pan",713
fresh pepper - rubber bag,714
bags - piece (s),715
palm (red) oil - gallon (10L),716
rubber bowl (plastic bowl) - rubber bowl,717
flour (bread) - bag 50kg,718
soft drink (350ml) - pack (15),719
salt - half sack,720
pawpaw - piece (s),721
fresh tomatoes - mini basket,722
rubber bowl (plastic bowl) - tray,723
washing powder detergent - tray,724
biscuits - tray,725
millet - half sack,726
guinea fowl (below 1yr female) - piece (s),727
beads - tray,728
shea butter (nkuto) - bucket (20L),729
calabash - piece (s),730
akpeteshie - gallon (30L),731
alata soap - box,732
fresh tomatoes - bucket (10L),733
"dried (dry) fish (gblolovi, amani) - pan",734
coal pot (coalpot) - piece (s),735
candle - box,736
toothpaste - pan,737
liquid soap - pack (20),738
dried (dry) pepper - polythene bag,739
onion - pan,740
rubber cup (plastic cup) - piece (s),741
maize (corn) flour - rubber bowl,742
tomato sauce (mackerel) tin (155g) - box (50),743
"motor tricycle spare parts (magic horn, digital horn) - box",744
soya beans - half fertilizer bag,745
"garden eggs (solanu, ntroba) - half basket",746
fresh groundnut - rubber bag,747
dried (dry) pepper - half sack,748
beans - bucket (15L),749
wellington boot - pair,750
dried okro (dry okro) - pan,751
dried (dry) pepper - basket,752
fresh fish - tray,753
azumah blow soap - rubber bowl,754
lemon - sack,755
charcoal - pan,756
tomato sauce (mackerel) tin (155g) - tin (155g),757
rice - box (20 x 0.9kg),758
acheke - fertilizer bag,759
palm nut fruits - pan,760
acheke - half fertilizer bag,761
"vegetable leaves (spinach, kontomire, cocoyam leaves, sweet potato leaves, amaranth leaves, alefu, fontete, amaratus) - rubber bag",762
meat - sack,763
fresh fish - half fertilizer bag,764
tomato paste - tin (210g),765
meat - pound,766
fresh groundnut - pan,767
pawpaw - pan,768
rafia broom - piece (s),769
carrots - polythene bag,770
clay pot (small) - piece (s),771
hoe - piece (s),772
mushroom - polythene bag,773
aluminium mini coalpot - sack,774
azumah blow soap - polythene bag,775
azumah blow soap - pan,776
orange - piece (s),777
"cube (maggie cube, onga) - pack",778
charcoal - polythene bag,779
cooking (vegetable) oil - bottle (2L),780
pawpaw - small sack,781
clay pot (large) - piece (s),782
pawpaw - half sack,783
alata soap - pan,784
fresh coconut - piece (s),785
sheep (above 3yrs female) - piece (s),786
silver shine - piece (s),787
hair conditioner (shampoo) - gallon (5L),788
toothbrush - piece (s),789
spices - small sack,790
weedicide - paper sachet,791
watermelon (small) - piece (s),792
cow (1yr to 3yrs female) - piece (s),793
student mattress ( 1 and half size) - piece (s),794
knapsack spray spare parts - sack,795
sowing machine (Auto seeder) - piece (s),796
kenkey - pan,797
bottled water (750ml) - pack (12),798
soap - box (24),799
herbal mixture - bottle (0.5L),800
bread - half sack,801
cucumber - pan,802
car wiper - pair,803
car filter - box,804
rubber bucket (5L) (plastic bucket) - piece (s),805
empty gallon 10L - piece (s),806
garlic - polythene bag,807
smoked herring (smoked fish) - basket,808
ice water rubber - pack,809
herbal medicine (local medicine) - rubber bowl,810
tomato paste - rubber container (2kg),811
cow (1yr to 3yrs male) - piece (s),812
flat screen television (55 inches) - piece (s),813
cucumber - sack,814
lettuce - pan,815
herbal medicine (local medicine) - gallon (5L),816
hair accessories - polythene bag,817
tomato paste - bucket (10L),818
cucumber - polythene bag,819
herbal medicine (local medicine) - bottle (1L),820
second hand shoes - half sack,821
pear - sack,822
liquid soap - gallon (10L),823
toffee - basket,824
sugar - polythene bag,825
diesel - gallon (5L),826
blender - box,827
alata soap - pack (12),828
chewing gum - sachet,829
cabbage - rubber bowl,830
lettuce - rubber bowl,831
bathroom slippers (chalewote) - pair,832
dried coconut (dry) - half sack,833
biscuits - polythene bag,834
garlic - sack,835
dondo drum (talking drum) - piece (s),836
washing powder detergent - sachet (8kg),837
liquid soap - bottle (1L),838
alata soap - rubber container (2kg),839
battery (solar) - box,840
mirror (large) - piece (s),841
nescafe (coffee) - box,842
barrels (plastic container) 25L - piece (s),843
hangers - pack,844
fante kenkey - rubber bowl,845
maize (corn) husk - half sack,846
slippers - half sack,847
mushroom - basket,848
corn dough - polythene bag,849
"mattress (10 inches l/s, double bed) - piece (s)",850
pawpaw - basket,851
"dried (dry) fish (gblolovi, amani) - basket",852
air freshner - box,853
rice (local rice) - small sack,854
fishing nets - piece (s),855
meat - polythene bag,856
knapsack spray spare parts - small sack,857
lime - sack,858
kola nut/cola nut - sack,859
lemon - half sack,860
banana - pan,861
liquid soap - bottle (1.5L),862
onion - rubber bag,863
herbal leaves (dried baobab leaves) - half fertilizer bag,864
cooking (vegetable) oil - bottle (450ml),865
kola nut/cola nut - small sack,866
millet - fertilizer bag,867
palm (red) oil - bottle (1.5L),868
diaper - piece (s),869
kola nut/cola nut - half sack,870
boxers - pack,871
beans - rubber bag,872
kitchen knives - piece (s),873
fresh groundnut - polythene bag,874
onion - basket,875
earthenware (large) - piece (s),876
azumah blow soap - half sack,877
maize seeds - sachet (1kg),878
dried groundnut (dry groundnut) - pan,879
earthenware (small) - piece (s),880
wawa board - piece (s),881
lime - half sack,882
bottle cleaning brush - piece (s),883
cobweb brush duster(ceiling brush) - piece (s),884
bottled water (19L) - bottle (19L),885
"dried (dry) fish (gblolovi, amani) - bucket (10L)",886
gari - pan,887
mushroom - pan,888
fried meat - small sack,889
bread - pan,890
okro - rubber bag,891
"dried (dry) fish (gblolovi, amani) - box",892
mosquito net - pack,893
empty plastic containers - pack,894
ginger - pan,895
lettuce - half sack,896
fresh tomatoes - tray,897
pineapple - sack,898
"edible leaves (baobab leaves, kuuka, kipok, moringa leaves, waakye leaves, ademe, hibiscus leaves, sobolo leaves, bito) - small sack",899
"edible leaves (baobab leaves, kuuka, kipok, moringa leaves, waakye leaves, ademe, hibiscus leaves, sobolo leaves, bito) - rubber bag",900
"edible leaves (baobab leaves, kuuka, kipok, moringa leaves, waakye leaves, ademe, hibiscus leaves, sobolo leaves, bito) - half sack",901
cocoa - small sack,902
disinfectants (detergents) - piece (s),903
ginger - rubber bowl,904
shea butter (nkuto) - rubber bowl,905
ginger - basket,906
cocoa - polythene bag,907
cassava dough - bucket (15L),908
"motor tricycle spare parts (magic horn, digital horn) - piece (s)",909
plantain - rubber bowl,910
student mattress (4 inches) - piece (s),911
iron rods (6mm) - piece (s),912
okro - tray,913
plastic water bottles - basket,914
dried (dry) pepper - small sack,915
palm (red) oil - bottle (350ml),916
dried okro (dry okro) - half sack,917
goat (below 1yr female) - piece (s),918
herbal leaves (dried baobab leaves) - pan,919
herbal leaves (dried baobab leaves) - half sack,920
lpg gas - cylinder (20kg),921
cassava peels - pan,922
cap (hat) - piece (s),923
banana - small sack,924
"vegetable leaves (spinach, kontomire, cocoyam leaves, sweet potato leaves, amaranth leaves, alefu, fontete, amaratus) - half fertilizer bag",925
fresh groundnut - rubber bowl,926
flour (bread) - half sack,927
cocoa beans - polythene bag,928
lemon - fertilizer bag,929
ginger - tray,930
fresh coconut - pan,931
dried coconut (dry) - pan,932
machete - piece (s),933
millet - sack,934
orange - rubber bowl,935
louvre blades - box,936
akpeteshie - gallon (10L),937
smock - rubber bag,938
cow (below 1yr female) - piece (s),939
fertilizer (fertiliser) - half sack,940
dog (1yr to 3yrs female) - piece (s),941
dog (above 3yrs male) - piece (s),942
dog (above 3yrs female) - piece (s),943
dog (below 1yr male) - piece (s),944
palm nut chaff - pan,945
salt - pan,946
1/4 plywood - piece (s),947
flour (bread) - small sack,948
cashew - sack,949
lime - small sack,950
insecticide - bottle (750ml),951
rubber bowl (plastic bowl) - pan,952
fried fish - rubber bowl,953
second hand shoes - pair,954
cooking (vegetable) oil - pack (6),955
comb - piece (s),956
hair bonnet - piece (s),957
cassava peels - half sack,958
onion - piece (s),959
"garden eggs (solanu, ntroba) - piece (s)",960
akpeteshie - gallon (5L),961
blood tonic (medicine) - piece (s),962
woven basket - piece (s),963
groundnut paste - ice chest,964
potatoes (sweet potatoes) - fertilizer bag,965
fresh pepper - paint rubber (small),966
herbal leaves (dried baobab leaves) - small sack,967
cow milk (fresh milk) - bucket (10L),968
soap - half sack,969
smoked herring (smoked fish) - pan,970
smoked herring (smoked fish) - tray,971
smoked herring (smoked fish) - polythene bag,972
shea nut - half sack,973
millet - half fertilizer bag,974
soya beans - half sack,975
shea nut - small sack,976
dried okro (dry okro) - fertilizer bag,977
soya beans - small sack,978
millet - small sack,979
soya beans - fertilizer bag,980
millet - polythene bag,981
soya beans - pan,982
soya beans - polythene bag,983
cow skin (wele) - fertilizer bag,984
"mobile phone,  (non-smartphone) - piece (s)",985
herbal leaves (dried baobab leaves) - polythene bag,986
millet - bowl,987
azumah blow soap - fertilizer bag,988
shea nut - half fertilizer bag,989
groundnut paste - bucket (15L),990
empty plastic bottles - small sack,991
agushie (melon seeds) - polythene bag,992
"pigeon, dove (below 1yr male) - piece (s)",993
"pigeon, dove (below 1yr female) - piece (s)",994
battery (solar) - piece (s),995
soap - pack (6),996
dried groundnut (dry groundnut) - small sack,997
toffee - tray,998
rope - bundle,999
dried groundnut (dry groundnut) - fertilizer bag,1000
dried groundnut (dry groundnut) - rubber bowl,1001
"pigeon, dove (1yr to 3yrs male) - piece (s)",1002
agushie (melon seeds) - fertilizer bag,1003
agushie (melon seeds) - rubber bowl,1004
guinea fowl (below 1yr male) - piece (s),1005
dried (dry) pepper - rubber bowl,1006
metal susu box - piece (s),1007
fan belt (motor) - piece (s),1008
frozen cow meat - polythene bag,1009
material cloth (fabric) - 12 yards,1010
doughnut - rubber container,1011
maize (corn) husk - small sack,1012
empty plastic containers - sack,1013
shea nut - rubber bowl,1014
shea nut - pan,1015
rice (local rice) - pan,1016
"mattress (12 inches l/s, double bed) - piece (s)",1017
guinea fowl (1yr to 3yrs female) - piece (s),1018
"local herbs (mahogany bark ,mahogany herbs) - small sack",1019
soya beans - sack,1020
shea butter (nkuto) - rubber container (1kg),1021
cowpea - rubber bowl,1022
locust bean (dawadawa) - rubber bag,1023
"rice (husked, not milled) - small sack",1024
dried okro (dry okro) - sack,1025
agushie (melon seeds) - sack,1026
"edible leaves (baobab leaves, kuuka, kipok, moringa leaves, waakye leaves, ademe, hibiscus leaves, sobolo leaves, bito) - half fertilizer bag",1027
shea nut - sack,1028
cat (above 3yrs male) - piece (s),1029
dried (dry) pepper - rubber bag,1030
shea nut - fertilizer bag,1031
woven fan (papa) - piece (s),1032
"edible leaves (baobab leaves, kuuka, kipok, moringa leaves, waakye leaves, ademe, hibiscus leaves, sobolo leaves, bito) - rubber bowl",1033
powdered pepper - rubber bag,1034
mango - rubber bowl,1035
salt - box,1036
soya beans khebab - rubber container,1037
mango - basket,1038
mango - fertilizer bag,1039
shea nut - basket,1040
fresh maize (fresh corn) - fertilizer bag,1041
herbal leaves (dried baobab leaves) - rubber bowl,1042
potatoes (sweet potatoes) - half sack,1043
cooking (vegetable) oil - bottle (500ml),1044
palm (red) oil - bottle (1L),1045
puppies (dog) - pan,1046
guinea fowl (above 3yrs male) - piece (s),1047
soya beans - rubber bowl,1048
paint - bucket (10L),1049
metal bucket (15L) - piece (s),1050
"edible leaves (baobab leaves, kuuka, kipok, moringa leaves, waakye leaves, ademe, hibiscus leaves, sobolo leaves, bito) - fertilizer bag",1051
empty plastic containers - small sack,1052
extension board - piece (s),1053
1/4 pvc pipe - piece (s),1054
padlock - box,1055
dried tomatoes - rubber bowl,1056
doormat - piece (s),1057
pig (above 3yrs male) - piece (s),1058
fruit juice (1.25L) - pack (6),1059
cassava peels - fertilizer bag,1060
dried coconut (dry) - rubber bowl,1061
kola nut/cola nut - fertilizer bag,1062
iron rods (11.5mm) - piece (s),1063
fresh maize (fresh corn) - polythene bag,1064
dried okro (dry okro) - polythene bag,1065
camping bed - piece (s),1066
mattress (12 inches m/s) - piece (s),1067
spices - polythene bag,1068
toffee - rubber container (3kg),1069
locust bean (dawadawa) - fertilizer bag,1070
locust bean  seeds (dawadawa seeds) - polythene bag,1071
dried okro (dry okro) - rubber bowl,1072
potatoes (sweet potatoes) - pan,1073
solar panel - box,1074
herbal leaves (dried baobab leaves) - fertilizer bag,1075
dried okro (dry okro) - small sack,1076
duck (1yr to 3yrs male) - piece (s),1077
sugar - box,1078
"pigeon, dove (above 3yrs male) - piece (s)",1079
turkey (below 1yr male) - piece (s),1080
onion seeds - piece (s),1081
shea nut paste - paint rubber (small),1082
knapsack spray spare parts - half sack,1083
tigernut - sack,1084
palm nut fruits - rubber bowl,1085
artificial nails - box,1086
pig (below 1yr female) - piece (s),1087
grinding  bowl (metallic) - piece (s),1088
dried (dry) pepper - pan,1089
dried tomatoes - small sack,1090
pig (below 1yr male) - piece (s),1091
palm (red) oil - gallon (20L),1092
dried tomatoes - pan,1093
maize (corn) flour - flask,1094
"portable wireless speaker, bluetooth speakers (portable bluetooth music box) - piece (s)",1095
shaving (razor) blade - pack,1096
mattress (8 inches k/s) - piece (s),1097
diesel - gallon (10L),1098
glass cup (wine glass) - piece (s),1099
crushed peanut (kulikuli) - polythene bag,1100
agushie (melon seeds) - half fertilizer bag,1101
sewing (tailoring) thread - pack,1102
padlock - piece (s),1103
belt - piece (s),1104
fresh coconut - half sack,1105
smock - piece (s),1106
floor tile (60x60) - box,1107
smoked herring (smoked fish) - fertilizer bag,1108
mattress (8 inches s/s) - piece (s),1109
metal bucket (10L) - piece (s),1110
trousers - pair,1111
soap - bar (s),1112
hoe blades - piece (s),1113
solar torch lights - piece (s),1114
cooking pot (small) - piece (s),1115
duck (below 1yr female) - piece (s),1116
duck (below 1yr male) - piece (s),1117
locust bean (dawadawa) - polythene bag,1118
energy drink (300ml) - bottle (300ml),1119
cheese - bucket (20L),1120
kokonte (cassava chips) - polythene bag,1121
kokonte (cassava chips) - rubber bowl,1122
eggs - rubber bag,1123
"mobile phone, android (tecno, itel, infinix ) - piece (s)",1124
chewing stick - fertilizer bag,1125
lipton (teabag) - box (100),1126
cow milk (fresh milk) - paint rubber (small),1127
powdered pepper - small sack,1128
powdered pepper - polythene bag,1129
fishing nets - sack,1130
air freshner - piece (s),1131
fante kenkey - piece (s),1132
fresh maize (fresh corn) - rubber bowl,1133
lemon - small sack,1134
tigernut - half sack,1135
empty plastic bottles - half sack,1136
sickle (cocoa plugging tools) - half box,1137
cow skin (wele) - half sack,1138
"dried (dry) fish (gblolovi, amani) - bucket (20L)",1139
fried fish - basket,1140
paint - tin (500ml),1141
gari stirring calabash - piece (s),1142
smock material - 6 yards,1143
led bulb (solar) - piece (s),1144
leather - small sack,1145
cow milk (fresh milk) - bottle (1.5L),1146
leather - half sack,1147
sugar - rubber bowl,1148
towel - piece (s),1149
second hand mobile phone - piece (s),1150
soap - box (36),1151
massage mat - piece (s),1152
duck (above 3yrs female) - piece (s),1153
"local herbs (mahogany bark ,mahogany herbs) - half sack",1154
sponge - piece (s),1155
fishing nets - half sack,1156
rope - polythene bag,1157
fishing nets - small sack,1158
tomato sauce (mackerel) tin (155g) - pack (5),1159
tomato sauce (mackerel) tin (425g) - tin (425g),1160
head wrap (scarf) - pan,1161
massage mat - box,1162
woven doormat - piece (s),1163
woven shopping bag - piece (s),1164
"mobile phone (apple, iphone) - piece (s)",1165
natural unrefined hemp rolling papers - box,1166
"dry dates (michy goro, dried dates) - fertilizer bag",1167
kola nut/cola nut - rubber bag,1168
"black rubber (tarpaulin,tapolin) - yard",1169
"drugs (medicine, syrup) - rubber bowl",1170
diesel - bottle (1L),1171
lipton (teabag) - pack (10),1172
catapult - piece (s),1173
car sealant - piece (s),1174
socks - pair,1175
potatoes (sweet potatoes) - polythene bag,1176
kola nut/cola nut - rubber bowl,1177
shea butter (nkuto) - pan,1178
woven jewelry box - piece (s),1179
sorghum - sack,1180
pure water (sachet water) packaging bag - half sack,1181
kokonte (cassava chips) - fertilizer bag,1182
sorghum - fertilizer bag,1183
sorghum - small sack,1184
flour (doughnut flour) - small sack,1185
fried fish - pan,1186
cat (below 1yr female) - piece (s),1187
shea butter (nkuto) - rubber bag,1188
meat - half pan,1189
agushie (melon seeds) - pan,1190
alcoholic drink (625ml) - bottle (625ml),1191
powdered milk - bag 250g,1192
slippers - small sack,1193
pig (1yr to 3yrs male) - piece (s),1194
pig (above 3yrs female) - piece (s),1195
lemon - pan,1196
woven summer hat - piece (s),1197
ice block - rubber bag,1198
mouse trap - piece (s),1199
metal bucket (4.5L) - piece (s),1200
plantain chips - polythene bag,1201
ice block - sack,1202
"mobile phone, android (samsung, huawei, google pixel ) - piece (s)",1203
axe - piece (s),1204
ice block - small sack,1205
lining (linen) - 6 yards,1206
"pigeon, dove (1yr to 3yrs female) - piece (s)",1207
pure water (sachet water) packaging bag - small sack,1208
solar torch lights - box,1209
deodorant - piece (s),1210
snail (aborbor) - small sack,1211
local gari seive (agbadze) - piece (s),1212
snail (aborbor) - polythene bag,1213
palm nut chaff - small sack,1214
"grains of selim (estso, hwentea) - half sack",1215
cow skin (wele) - polythene bag,1216
BP monitor device (blood pressure monitor) - piece (s),1217
agushie (melon seeds) - bag 50kg,1218
snail (aborbor) - sack,1219
pear - half sack,1220
bitter kola - fertilizer bag,1221
aluminium mini coalpot - piece (s),1222
pear - small sack,1223
banana - fertilizer bag,1224
"local herbs (mahogany bark ,mahogany herbs) - sack",1225
banana - half sack,1226
spices - half sack,1227
balm (ointment) - piece (s),1228
pig feed - small sack,1229
fridge compressor - piece (s),1230
pear - rubber bowl,1231
pawpaw - sack,1232
watermelon (medium) - piece (s),1233
mango - sack,1234
pear - basket,1235
palm kernel - sack,1236
balm (ointment) - pan,1237
palm (red) oil - bottle (3L),1238
bitter kola - polythene bag,1239
banana - rubber bowl,1240
carrots - small sack,1241
toilet brush - piece (s),1242
bitter kola - small sack,1243
woven kente - 6 yards,1244
gear shaft - box,1245
carrots - sack,1246
coffee - sack,1247
pepper seeds - sack,1248
singlet - pack,1249
palm (red) oil - bottle (500ml),1250
honey - gallon (5L),1251
snail (aborbor) - pan,1252
soap - tray,1253
palm nut chaff - sack,1254
banku - ball,1255
groundnut paste - olonka tin,1256
massage gun - box,1257
canned green peas(processed peas 400g) - tin (400g),1258
yellow melon - small sack,1259
lpg gas - cylinder (14.5kg),1260
apple - piece (s),1261
snail (aborbor) - half sack,1262
plantain chips - tray,1263
palm nut chaff - tray,1264
snail (aborbor) - basket,1265
palm kernel - half sack,1266
snail (aborbor) - half fertilizer bag,1267
poultry feed - polythene bag,1268
wrist watch - piece (s),1269
garlic - half sack,1270
spices - tray,1271
palm kernel - pan,1272
louvre blades - pack,1273
lpg gas - cylinder (35kg),1274
honey - gallon (10L),1275
takeaway rubber bag (polynthene bag) - tray,1276
insecticide - paper sachet,1277
wall tile (25x40) - box,1278
potatoes (sweet potatoes) - basket,1279
spices - fertilizer bag,1280
herbal medicine (local medicine) - pan,1281
groundnut paste - tray,1282
palm seedlings - polythene bag,1283
mango seedling - piece (s),1284
ceramic plates - tray,1285
dusting tool (cleaning brush) - piece (s),1286
quran - half sack,1287
lemon grass - fertilizer bag,1288
cow milk (fresh milk) - gallon (5L),1289
toothbrush - pack (6),1290
grinding stone - piece (s),1291
pear - fertilizer bag,1292
biscuits - basket,1293
herbal medicine (local medicine) - bottle (1.5L),1294
curtains - rubber bag,1295
dried coconut (dry) - small sack,1296
spoons - basket,1297
"local herbs (mahogany bark ,mahogany herbs) - pan",1298
herbal leaves (dried baobab leaves) - rubber bag,1299
umbrella - piece (s),1300
banana - polythene bag,1301
kola nut/cola nut - pan,1302
local drink - rubber bag,1303
powdered pepper - sack,1304
head wrap (scarf) - rubber bowl,1305
mushroom - rubber bowl,1306
chewing stick - pan,1307
fresh coconut - small sack,1308
takeaway rubber bag (polynthene bag) - half sack,1309
pineapple - piece (s),1310
solar charger controller - box,1311
ice block - half sack,1312
tigernut - polythene bag,1313
rattle - piece (s),1314
chewing stick - polythene bag,1315
palm (red) oil - bottle (4L),1316
cow milk (fresh milk) - rubber bowl,1317
kenkey - rubber bowl,1318
sugar - pan,1319
"pigeon, dove (above 3yrs female) - piece (s)",1320
locust bean (dawadawa) - small sack,1321
camphor balls - sachet,1322
lemon - polythene bag,1323
"black rubber (tarpaulin,tapolin) - 3 yards",1324
hisbiscus (sobolo seedlings) - polythene bag,1325
caustic soda flakes - bag 25kg,1326
balm (ointment) - rubber bowl,1327
beads - small sack,1328
powdered pepper - half sack,1329
popcorn - pan,1330
buta - piece (s),1331
led bulb (car) - box,1332
"grains of selim (estso, hwentea) - sack",1333
popcorn - rubber bag,1334
led bulb (car) - piece (s),1335
4 inch pvc pipe (10 feet) 3m - piece (s),1336
potatoes (sweet potatoes) - rubber bowl,1337
3/4 pvc pipe - piece (s),1338
ficial board - piece (s),1339
yellow melon - sack,1340
turkey (1yr to 3yrs female) - piece (s),1341
cowpea - fertilizer bag,1342
doughnut - piece (s),1343
"rice (husked, not milled) - bucket (10L)",1344
tomato seedlings - bundle,1345
duck (above 3yrs male) - piece (s),1346
dried tomatoes - polythene bag,1347
locust bean (dawadawa) - piece (s),1348
liquid soap - gallon (20L),1349
cucumber - fertilizer bag,1350
garlic - box,1351
doughnut - polythene bag,1352
kooko (piles) concoction - gallon (10L),1353
beads - rubber bowl,1354
kitchen stool - piece (s),1355
rubber solution - pack,1356
hangers - piece (s),1357
locust bean (dawadawa) - half sack,1358
woven kente - 1 yard,1359
gari - sachet (125g),1360
industrial adhesive (Genkem glue) - box,1361
crushed peanut (kulikuli) - half sack,1362
rubber patch - pack,1363
flour (doughnut) - sack,1364
lining (linen) - yard,1365
spaghetti - tray,1366
pvc insulation tape - box,1367
tomato sauce (mackerel) tin (425g) - pack (5),1368
mango - small sack,1369
dried tomatoes - fertilizer bag,1370
turkey (1yr to 3yrs male) - piece (s),1371
second hand shoes - small sack,1372
cat (1yr to 3yrs male) - piece (s),1373
takeaway rubber bag (polynthene bag) - small sack,1374
dried tomatoes - sack,1375
boots - pair,1376
material cloth (fabric) - rubber bowl,1377
material cloth (fabric) - sachet(3×6yards),1378
flour (doughnut flour) - half sack,1379
sorghum - pan,1380
mango - pan,1381
flat screen television (50 inches) - piece (s),1382
bags - pan,1383
rubber water bottle ( plastic water flask ) - basket,1384
coffee - box,1385
mango - half sack,1386
skewer ( khebab sticks) - fertilizer bag,1387
yellow melon - half sack,1388
charcoal - rubber bag,1389
mango - piece (s),1390
turkey (below 1yr female) - piece (s),1391
woven clutches (woven bag) - piece (s),1392
cucumber - small sack,1393
palm (red) oil - bottle (2L),1394
pvc insulation tape - piece (s),1395
cowpea - half fertilizer bag,1396
cowpea - small sack,1397
cowpea - bucket (15L),1398
chewing stick - rubber bowl,1399
school bag - pan,1400
cow milk (fresh milk) - gallon (25L),1401
shea nut paste - bucket (5L),1402
coffee - polythene bag,1403
hand bangles (hand bands) - bundle,1404
carrots - fertilizer bag,1405
alata soap - rubber container (1kg),1406
fan belt (motor) - sack,1407
canned green peas(processed peas 400g) - pack (12),1408
rubber wares (plastic wares) - rubber bowl,1409
jute bags large (Ghana must go) - piece (s),1410
garlic - small sack,1411
glass cup (wine glass) - box,1412
lpg gas - cylinder (16kg),1413
shoe rack - piece (s),1414
nescafe (coffee) - tin,1415
coffee - half sack,1416
palm kernel - polythene bag,1417
canned corned beef - tin (200g),1418
mattress (8 inches m/s) - piece (s),1419
tomato sauce (mackerel) tin (425g) - pack (24),1420
sandals - rubber bowl,1421
flat screen television (60 inches) - piece (s),1422
cashew - rubber bag,1423
chewing stick - tray,1424
sponge - pack,1425
disinfectants (detergents) - pan,1426
incense - half sack,1427
biscuits - pan,1428
fried meat - rubber bowl,1429
locust bean (dawadawa) - sack,1430
fante kenkey - tray,1431
popcorn - rubber bowl,1432
biscuits - rubber bowl,1433
"grains of selim (estso, hwentea) - rubber bowl",1434
crushed peanut (kulikuli) - pan,1435
lettuce - fertilizer bag,1436
lettuce - sack,1437
antiseptic - basket,1438
garlic - fertilizer bag,1439
lettuce - small sack,1440
disinfectants (detergents) - rubber bowl,1441
tigernut - small sack,1442
skewer ( khebab sticks) - pan,1443
corn chips - pack,1444
bumper - piece (s),1445
bitter kola - half sack,1446
beads - sack,1447
charcoal - rubber bowl,1448
fried fish - tray,1449
crushed peanut (kulikuli) - small sack,1450
turkey (above 3yrs female) - piece (s),1451
chamber pot - piece (s),1452
led bulb (solar) - box,1453
mattress (8 inches q/s) - piece (s),1454
fan blade (bus) - piece (s),1455
shea nut - polythene bag,1456
dried groundnut (dry groundnut) - tray,1457
okro seeds - polythene bag,1458
pineapple - basket,1459
garlic - rubber bowl,1460
pineapple - small sack,1461
watermelon (large) - piece (s),1462
shea nut paste - bucket (10L),1463
empty plastic containers - half sack,1464
cucumber - piece (s),1465
shea nut paste - bucket (15L),1466
rubber water bottle ( plastic water flask ) - pan,1467
"grains of selim (estso, hwentea) - small sack",1468
onion - tray,1469
coffee - small sack,1470
pineapple - fertilizer bag,1471
pineapple - polythene bag,1472
carrots - rubber bag,1473
okro seeds - rubber bag,1474
coffee seed - half sack,1475
cowpea - half sack,1476
palm kernel - small sack,1477
bitter kola - sack,1478
palm kernel - fertilizer bag,1479
cassava peels - rubber bowl,1480
palm (red) oil - bucket (20L),1481
crab - basket,1482
lpg gas - cylinder (18kg),1483
"edible leaves (baobab leaves, kuuka, kipok, moringa leaves, waakye leaves, ademe, hibiscus leaves, sobolo leaves, bito) - bucket (10L)",1484
lime - fertilizer bag,1485
bentonite clay (ayilor) - sack,1486
bentonite clay (ayilor) - basket,1487
spices - pan,1488
sponge - polythene bag,1489
beads - half sack,1490
bentonite clay (ayilor) - small sack,1491
bentonite clay (ayilor) - half sack,1492
crab - rubber bowl,1493
sponge - rubber bowl,1494
beads - pan,1495
sponge - pan,1496
Jubaili mineral block - roll,1497
bedsheet - pan,1498
towel - pan,1499
comb - pan,1500
bedsheet - tray,1501
pawpaw - rubber bowl,1502
pineapple - pan,1503
bitter kola - rubber bowl,1504
lemon grass - half sack,1505
bitter kola - pan,1506
crab - pan,1507
pineapple - rubber bowl,1508
susu box - piece (s),1509
towel - rubber bowl,1510
lime - basket,1511
lime - pan,1512
shower gel (2000ml) - bottle (2000ml),1513
BP monitor device (blood pressure monitor) - box,1514
toothbrush - pan,1515
carrots - pan,1516
honey - calabash pot,1517
ludo - piece (s),1518
"dry dates (michy goro, dried dates) - tray",1519
banku - pan,1520
dried coconut (dry) - bucket (20L),1521
fresh groundnut - tray,1522
palm kernel - basket,1523
rubber water bottle ( plastic water flask ) - rubber bowl,1524
kitchen napkins - tray,1525
gas regulator - piece (s),1526
insecticide - bottle (0.5L),1527
apple - tray,1528
sorghum - polythene bag,1529
pineapple - half sack,1530
fried meat - pan,1531
gari stirring calabash - sack,1532
towel - tray,1533
second hand shoes - rubber bowl,1534
lpg gas - cylinder (19kg),1535
lpg gas - cylinder (30kg),1536
mortice lock - piece (s),1537
pig feed - half sack,1538
antiseptic - bottle (200ml),1539
palm nut chaff - half sack,1540
fried meat - sack,1541
carrots - rubber bowl,1542
susu box - half sack,1543
wooden spatula (bankuta) - sack,1544
"drugs (medicine, syrup) - pan",1545
cassava peels - polythene bag,1546
popcorn - pack,1547
fresh coconut - rubber bowl,1548
seive - piece (s),1549
woven grocery holders - piece (s),1550
fried meat - half sack,1551
fried meat - tray,1552
tigernut - tray,1553
disinfectants (detergents) - basket,1554
lemon grass - small sack,1555
palm (red) oil - bottle (850ml),1556
pawpaw - polythene bag,1557
rubber wares (plastic wares) - pan,1558
"grains of selim (estso, hwentea) - fertilizer bag",1559
susu box - sack,1560
cowpea - polythene bag,1561
"turkey berry (abeduru, kantosey, kwahu nsusua) - fertilizer bag",1562
lettuce - basket,1563
"dry dates (michy goro, dried dates) - polythene bag",1564
mortice lock - box,1565
oware - piece (s),1566
lemon - rubber bowl,1567
fan belt (bus) - piece (s),1568
sharpening stone - sack,1569
shrimps - rubber bowl,1570
shock absorber - piece (s),1571
pear - polythene bag,1572
rattle - pan,1573
mouse trap - small sack,1574
kitchen knives - pan,1575
shrimps - polythene bag,1576
shrimps - pan,1577
engine oil (car oil) - bottle (500ml),1578
lemon grass - polythene bag,1579
shrimps - basket,1580
toothbrush - pack (4),1581
pepper seeds - half sack,1582
crushed peanut (kulikuli) - sack,1583
leather - sack,1584
insecticide - bottle (0.2L),1585
epson printing ink - box,1586
kooko (piles) concoction - gallon (5L),1587
cowpea - pan,1588
snail (aborbor) - rubber bowl,1589
kitchenware - set,1590
"turkey berry (abeduru, kantosey, kwahu nsusua) - paint rubber (small)",1591
"turkey berry (abeduru, kantosey, kwahu nsusua) - pan",1592
aluminium mini coalpot - half sack,1593
lpg gas - cylinder (6kg),1594
empty egg crates - pack,1595
disinfectant for poultry (omnicide) - gallon (5L),1596
medicine for poultry - bottle (1L),1597
liquid fertiliser - gallon (5L),1598
Bamboo - piece (s),1599
Solibra bock beer (65cl) - crate (12),1600
Aidan fruit - pan,1601
alcohol - gallon (25L),1602
Chainsaw machine - piece (s),1603
sleeping mat - piece (s),1604
33 pieces sleeping mat - pieces,1605
mat(Aselene) - piece (s),1606
ceiling fan - box,1607
cotton bud - piece (s),1608
lipstick - piece (s),1609
nail polish - piece (s),1610
hair comb - piece (s),1611
nail cutters - piece (s),1612
earrings - piece (s),1613
pan - piece (s),1614
grinding mail - piece (s),1615
Alcoholic drinks - box,1616
spectacles - piece (s),1617
head pan - piece (s),1618
freezer - box,1619
wheelbarrow - piece (s),1620
empty sacks - bundle,1621
tobacco - half sack,1622
water hose - piece (s),1623
mayonnaise - pack (6),1624
smoking net (fish) - piece (s),1625
Guinea corn - fertilizer bag,1626
Soursop (Local Apple/Aluguntugui) - piece (s),1627
corn husking machine - piece (s),1628
mechanical sprayer - piece (s),1629
cassava sticks - bundle,1630
mosquito coil - box,1631
second hand clothes - bale,1632
pomade - box,1633
diesel engine(chanfan) - box,1634
second-hand clothes - bale,1635
Bongo - piece (s),1636
Bongo - bucket (10L),1637
Bongo - fertilizer bag,1638
Bongo - Drum,1639
Bongo - half sack,1640
Bongo - sack,1641
Bongo - box,1642
Bongo - small  sack,1643
Bongo - bundle,1644
Bongo - pack (12),1645
Bongo - coil,1646
Bongo - pack (1kg),1647
Bongo - tin,1648
Bongo - small sack,1649
Bongo - yard,1650
Paga - piece (s),1651
Paga - trip sand,1652
Paga - crate (24),1653
Paga - 1tricycle,1654
Paga - bundle,1655
Tempane - piece,1656
Tempane - piece (s),1657
Tricycle - piece (s),1658
Lazy (relaxation) chair - piece (s),1659
Green tea (ataaya) - box,1660
Empty alcoholic beverage bottles - crates,1661
cooking ingredients (foodstuffs) - 10L margarine container,1662
sweet - bucket (15L),1663
empty pans - piece (s),1664
rubber bowl - piece (s),1665
fuel - gallon (25L),1666
black berry - half sack,1667
plantain - pan,1668
alligator Above 3 years Male - piece (s),1669
water - gallon (25L),1670
tank - piece (s),1671
wreath - piece (s),1672
Grasscutter - piece (s),1673
sculpture - piece (s),1674
coffin - piece (s),1675
breadnut - polythene bag,1676
roasted groundnut - bottle (1L),1677
noni - piece (s),1678
mosquito coil - pack,1679
rake - piece (s),1680
mayonnaise - piece (s),1681
kerosene - bottle (1.5L),1682
macaroni - piece (s),1683
kerosene - gallon (10L),1684
quaker oats - box,1685
macaroni - box,1686
food supplement - piece (s),1687
kerosene - gallon (5L),1688
cotton bud - pack (12),1689
1 piece of electric iron - piece (s),1690
deep frying spoon - piece (s),1691
vinegar - bottle (1L),1692
mosquito coil - pack (20),1693
body vibrator - piece (s),1694
glass cleaner - box,1695
sugar cane - small sack,1696
guava seedling - piece (s),1697
sachet water rubber - pack,1698
car rim - piece (s),1699
textbook - piece (s),1700
Azikpeli - rubber container,1701
tapioca - polythene bag,1702
paint stainer - piece (s),1703
tapioca - bottle (1.5L),1704
banku stick - piece (s),1705
Jean washer - piece (s),1706
wooden doors - piece (s),1707
wardrobe - piece (s),1708
books - piece (s),1709
incense - box,1710
cotton - sack,1711
wooden door - piece (s),1712
motorbike valve - box,1713
motorbike gasket - sachet,1714
motorbike mud guard - piece (s),1715
motorbike oil pump cup - box,1716
Abracam - box,1717
Tapette cylinder - set,1718
porridge - piece (s),1719
BRC mesh rolled - roll,1720
Condensed milk - tin,1721
adaakwa - bucket (15L),1722
cast acrylic sheet - piece (s),1723
Sausage - pack (12),1724
cellophane - rolls,1725
pumping machine - piece (s),1726
Water - bucket (10L),1727
Kerosene - gallon (25L),1728
window mesh - piece (s),1729
Aluminium pan - piece (s),1730
water pumping machine - piece (s),1731
Maize grinding machine  stand - piece (s),1732
pick axe handle - piece (s),1733
empty aluminium pan - piece (s),1734
chanfan (hammer) - piece (s),1735
chanfan outer hose - piece (s),1736
engine carrier - piece (s),1737
puller - piece (s),1738
hand gloves - sack,1739
natural rubber - fertilizer bag,1740
chicken1-3 years Male - piece (s),1741
1 piece of a dead antelope - piece (s),1742
live chicks Below 1 year Male - box,1743
Akpi seed - polythene bag,1744
raw rubber - half sack,1745
raw rubber - sack,1746
digital sound speaker - box,1747
prekese - sack,1748
prekese - half sack,1749
mortar pistol - piece (s),1750
1 piece of cocoa motoblow machine - piece (s),1751
cocoa motoblow machine - piece (s),1752
silver bowls - piece (s),1753
brake shoe - piece (s),1754
battery - box,1755
welded wire mesh - piece (s),1756
plastic washboard - piece (s),1757
winter melon - piece (s),1758
suitcases - piece (s),1759
pale - piece (s),1760
winter melons - pan,1761
louvre frames - box,1762
sewing machine - piece (s),1763
T and J molding - piece (s),1764
raffia trap - piece (s),1765
wooden canoe - piece (s),1766
Achoura - box,1767
chickens - piece (s),1768
cassava dough machine - piece (s),1769
China door - piece (s),1770
aluminium frame - piece (s),1771
satellite dish and decoder - piece (s),1772
Lpg gas cylinder - piece (s),1773
T&J - pack,1774
coconut oil - drum of oil,1775
Empty drum - pieces,1776
bamboo stick - bundle,1777
water 25L gallon - piece (s),1778
sugar cane - bundle,1779
wakye/akyeke leaves - sack,1780
powdered fertiliser - piece (s),1781
sugar canes - bundle,1782
sugar canes - piece (s),1783
wood 2Ã—12 - piece (s),1784
wood 4Ã—4 - piece (s),1785
window frame - piece,1786
pure water (sachet water) packaging bag - packaging bag (sachet water),1787
leather - yard,1788
tomato paste - box 370g,1789
local drink - Gallons,1790
metal scraps - pieces,1791
fishing nets - yards,1792
"cube (maggie cube, onga) - pieces",1793
pesticide - 480ml,1794
fishing nets - yard,1795
firewood - tricycle,1796
local drink - gallon(kuffour gallon),1797
petrol - barrel,1798
diesel - barrel,1799
alcoholic drink (250ml) - crate,1800
soft drink (330ml) - cartons,1801
smock material - 3 piece(s) of smock (4yead),1802
window frame - piece(s),1803
smoked herring (smoked fish) - 2 small basket,1804
sewing (tailoring) thread - bag,1805
sewing (tailoring) thread - bags,1806
smoked herring (smoked fish) - small basket,1807
paint - Tin(4.5L),1808
sachet water (pure water) - pieces,1809
pure water (sachet water) packaging bag - pieces,1810
empty schnapp bottles - pieces,1811
fishing nets - pieces,1812
akpeteshie - pieces,1813
shea nut paste - pieces,1814
fresh tomatoes - rubber bucket (25L),1815
fresh tomatoes - paint rubber,1816
dried okro (dry okro) - paint rubber (small),1817
flour (doughnut flour) - 10L bucket,1818
flour (doughnut) - 10L bucket,1819
flour (doughnut flour) - pan,1820
flour (doughnut) - bowl (aluminium),1821
locust bean (dawadawa) - rubber bucket,1822
locust bean (dawadawa) - bowl,1823
locust bean (dawadawa) - rubber bowl,1824
flour (doughnut flour) - bowl,1825
locust bean  seeds (dawadawa seeds) - Half sack,1826
fresh fish - pieces,1827
herbal medicine (local medicine) - small sack,1828
alcoholic drink (200ml) - polythene bag,1829
empty schnapp bottles - crate (12),1830
fresh groundnut - half-cement bags,1831
motor engine - piece,1832
corn dough - jute bag,1833
sandals - jute bag,1834
shea butter (nkuto) - margarine container,1835
petrol - 30L,1836
petrol - gallon (30L),1837
cassava - full tricycle,1838
cocoa beans - pan,1839
cocoa - pan,1840
cocoa beans - rubber basket,1841
dried groundnut (dry groundnut) - bottle,1842
dusting tool (cleaning brush) - pack,1843
powdered milk - pieces,1844
shoe - box,1845
soft drink (350ml) - sack,1846
soft drink (330ml) - half sack,1847
local drink - gallon (25L),1848
metal scraps - tricycle,1849
window frame - piece (s),1850
"drugs (medicine, syrup) - piece",1851
motor sealant - set,1852
herbal medicine (local medicine) - sack,1853
honey - quarter bottle (350ml),1854
window frame - bundle,1855
pure water (sachet water) packaging bag - packaging bag,1856
"soft drink (500ml, 0.5L) - crate",1857
alcoholic drink (750ml) - crate,1858
take away rubber bag (polythene bag) - sacks,1859
knapsack spray spare parts - pieces,1860
take away rubber bag (polythene bag) - bundles,1861
washing powder detergent - sack,1862
take away rubber bag (polythene bag) - bundle,1863
lpg gas - 6kg,1864
window frame - pieces,1865
window glass - pieces,1866
"salted fish (salted tilapia, koobi) - pan",1867
smoked herring (smoked fish) - heaped pan,1868
"salted fish (salted tilapia, koobi) - rubber bucket(10L)",1869
empty gallon 25L - full sack,1870
frozen chicken - box,1871
shea butter (nkuto) - paint rubber,1872
orange - tricycle,1873
pampers - piece,1874
soft drink (U fresh) - pack (20),1875
"mobile phone,  (non-smartphone) - box",1876
rubber solution - 1kg,1877
