team_number,team_id
Bono Team 1,1
Bono Team 3,2
Bono Team 2,3
Bono Team 4,4
Bono Team 5,5
Bono Team 6,6
Bono Team 7,7
Bono Team 8,8
Bono Team 16,9
Bono Team 13,10
Bono Team 15,11
Bono Team 14,12
Bono Team 11,13
Bono Team 12,14
Bono Team 10,15
Bono Team 9,16
Bono Team 17,17
Bono Team 21,18
Bono Team 18,19
Bono Team 20,20
Bono Team 19,21
NER Team 10,22
NER Team 9,23
NER Team 12,24
NER Team 11,25
NER Team 13,26
NER Team 8,27
NER Team 4,28
NER Team 5,29
NER Team 2,30
NER Team 6,31
1,32
NER Team 1,33
NER Team 3,34
NER Team 7,35
NR Team 11,36
NR Team 12,37
NR Team 3,38
NR Team 4,39
NR Team 10,40
NR Team 1,41
NR Team 2,42
NR Team 9,43
NR Team 8,44
NR Team 5,45
NR Team 7,46
NR Team 6,47
Oti Team 11,48
Oti Team 12,49
Oti Team 10,50
Oti Team 13,51
Oti Team 8,52
Oti Team 9,53
Oti Team 7,54
Oti Team 3,55
Oti Team 2,56
Oti Team 1,57
Oti Team 6,58
Oti Team 5,59
Oti Team 4,60
Savannah Team 2,61
Savannah Team 3,62
Savannah Team 1,63
UE Team 13,64
UE Team 12,65
UE Team 14,66
UE Team 11,67
UE Team 9,68
UE Team 10,69
UE Team 8,70
UE Team 7,71
UE Team  5,72
UE Team 6,73
UE Team 4,74
UE Team 1,75
UE Team 2,76
UE Team 3,77
UE Team 15,78
UE Team 18,79
UE Team 17,80
UE Team 16,81
UE Team 21,82
UE Team 19,83
UE Team 23,84
UE Team 20,85
UE Team 22,86
UW Team 8,87
UW Team 10,88
UW Team 9,89
UW Team 11,90
UW Team 7,91
UW Team 4,92
UW Team 5,93
UW Team 18,94
UW Team 19,95
UW Team 17,96
UW Team 15,97
UW Team 12,98
UW Team 13,99
UW Team 16,100
UW Team 6,101
UW Team 14,102
UW Team 1,103
UW Team 3,104
UW Team 2,105
Volta Team 2,106
Volta Team 4,107
Volta Team 1,108
Volta Team 3,109
Volta Team 10,110
Volta Team 11,111
Volta Team 9,112
Volta Team 5,113
Volta Team 6,114
Volta Team 8,115
Volta Team 15,116
Volta Team 16,117
Volta Team 17,118
Volta Team 18,119
Volta Team 19,120
Volta Team 20,121
Volta Team 21,122
Volta Team 22,123
Volta Team 14,124
Volta Team 24,125
Volta Team 25,126
Volta Team 26,127
Volta Team 27,128
Volta Team 28,129
Volta Team 29,130
Volta Team 31,131
Volta Team 12,132
Volta Team 13,133
Volta Team 30,134
Volta Team 32,135
Volta Team 33,136
Volta Team 34,137
Volta Team 35,138
Volta Team 36,139
Volta Team 37,140
Volta Team 38,141
Volta Team 39,142
Volta Team 40,143
Volta Team 41,144
Volta Team 65,145
Volta Team 68,146
Volta Team 44,147
Volta Team 45,148
Volta Team 48,149
Volta Team 59,150
Volta Team 61,151
Volta Team 49,152
Volta Team 51,153
Volta Team 56,154
Volta Team 57,155
Volta Team 58,156
Volta Team 63,157
Volta Team 54,158
Volta Team 67,159
Volta Team 70,160
Volta Team 73,161
Volta Team 60,162
Volta Team 62,163
Volta Team 66,164
Volta Team 69,165
Volta Team 42,166
Volta Team 43,167
Volta Team 64,168
Volta Team 50,169
Volta Team 52,170
Volta Team 47,171
Volta Team 72,172
Volta Team 46,173
Volta Team 75,174
Volta Team 55,175
Volta Team 7,176
Volta Team 76,177
Volta Team 74,178
Volta Team 71,179
Volta Team 53,180
WR 6,181
WR 4,182
WR 5,183
WR 3,184
WR Team 3,185
WR 2,186
WR 1,187
WRN Team 3,188
WRN Team 4,189
WRN Team 6,190
WRN Team 2,191
WRN Team 5,192
WRN Team 1,193
WRN Team 19,194
WRN Team 24,195
WRN Team 23,196
WRN Team 22,197
WRN Team 16,198
WRN Team 20,199
WRN Team 18,200
WRN Team 17,201
WRN Team 21,202
WRN Team 25,203
WRN Team 26,204
WRN Team 15,205
WRN Team 12,206
WRN Team 13,207
WRN Team 11,208
WRN Team 9,209
WRN Team 14,210
WRN Team 10,211
WRN Team 7,212
WRN Team 8,213
